amount,details,expenseDate,card,requiredType,occurance,category,frequency
14820,Melody,2020-01-01T11:08:39.000+00:00,Zing HDFC Dabit Card,Must,Recursive,Yearly,Yearly
10000,Pinky,2020-01-01T11:08:39.000+00:00,Zing HDFC Dabit Card,Must,Recursive,Yearly,Yearly
434,APOLLO HOSPITALS ENTER BANGALORE IN (Medical),2020-01-01T11:08:39.000+00:00,Zing Credit Card,Must,One Time,Medical,Monthly
399,KISHAN HEALTHY FARM BANGALORE IN (Grocery),2020-01-01T11:08:39.000+00:00,Zing Credit Card,Must,Recursive,Grocery,Monthly
250,SUBRAHMANYA ACHARYA BANGALORE IN (Medical),2020-01-01T11:08:39.000+00:00,Zing Credit Card,Must,One Time,Medical,Monthly
3000,LOTUS HOSPITAL BANGALORE IN(Medical),2020-01-01T11:08:39.000+00:00,Zing Credit Card,Must,One Time,Medical,Monthly
459,WWW OLACABS COM GURGAON IN (Local Transport),2020-01-01T11:08:39.000+00:00,Zing Credit Card,Must,Recursive,Local Transport,Monthly
1380,BESCOM - AlA/C NO. 8426519000 (Bills),2020-01-01T11:08:39.000+00:00,Zing Credit Card,Must,Recursive,Regular Expenses,Monthly
6441,DMART AVENUE SUPERMART BANGALORE IN (Grocery),2020-01-01T11:08:39.000+00:00,Zing Credit Card,Must,Recursive,Grocery,Monthly
239,KFC RESTAURANTS BANGALORE IN (Hotel),2020-01-01T11:08:39.000+00:00,Zing Credit Card,Nice,Recursive,Hotel,Monthly
799,LIFE STYLE INTERNATION BANGALORE IN (Clothing),2020-01-01T11:08:39.000+00:00,Zing Credit Card,Nice,One Time,Clothing,Monthly
590,VILLAGE HYPER BAZAAR BANGALORE IN  (Grocery),2020-01-01T11:08:39.000+00:00,Zing Credit Card,Must,Recursive,Grocery,Monthly
359,WWW OLACABS COM GURGAON IN (Local Transport),2020-01-01T11:08:39.000+00:00,Zing Credit Card,Must,Recursive,Local Transport,Monthly
455,KISHAN HEALTHY FARM BANGALORE IN (Grocery),2020-01-01T11:08:39.000+00:00,Zing Credit Card,Must,Recursive,Grocery,Monthly
338,HALL OF MEAT PRIVATE L BANGALORE IN (Grocery),2020-01-01T11:08:39.000+00:00,Zing Credit Card,Must,Recursive,Grocery,Monthly
474,KISHAN HEALTHY FARM BANGALORE IN (Grocery),2020-01-01T11:08:39.000+00:00,Zing Credit Card,Must,Recursive,Grocery,Monthly
591,Grocery,2020-01-01T11:08:39.000+00:00,Zing Credit Card,Must,Recursive,Grocery,Monthly
3173,Birthday Party,2020-01-01T11:08:39.000+00:00,Zing Credit Card,Nice,One Time,Hotel,Monthly
469,Amazon,2020-01-01T11:08:39.000+00:00,Zing HDFC Dabit Card,Nice,One Time,Grocery,Monthly
545,Amazon,2020-01-01T11:08:39.000+00:00,Zing HDFC Dabit Card,Nice,One Time,Grocery,Monthly
1518,SRI RAJA RAJESHWARI FIL BENGALURU IN (Local Transport),2020-01-01T11:08:39.000+00:00,Zing Credit Card,Must,Recursive,Local Transport,Monthly
198,KFC RESTAURANTS BANGALORE IN (Hotel),2020-01-01T11:08:39.000+00:00,Zing Credit Card,Nice,Recursive,Hotel,Monthly
548,KISHAN HEALTHY FARM BANGALORE IN (Grocery),2020-01-01T11:08:39.000+00:00,Zing Credit Card,Must,Recursive,Grocery,Monthly
210,Amazon,2020-01-01T11:08:39.000+00:00,Zing HDFC Dabit Card,Nice,One Time,Grocery,Monthly
589,Airtel,2020-01-01T11:08:39.000+00:00,Zing HDFC Dabit Card,Must,Recursive,Regular Expenses,Monthly
5000,Home Expense,2020-01-01T11:08:39.000+00:00,Zing HDFC Dabit Card,Must,Recursive,Regular Expenses,Monthly
288,Swiggy,2020-01-01T11:08:39.000+00:00,Zing HDFC Dabit Card,Nice,One Time,Hotel,Monthly
1620,Milk refill,2020-01-01T11:08:39.000+00:00,Zing HDFC Dabit Card,Must,Recursive,Regular Expenses,Monthly
1600,Stuti VAN,2020-01-01T11:08:39.000+00:00,Zing HDFC Dabit Card,Must,Recursive,Local Transport,Monthly
334,Cable TV,2020-01-01T11:08:39.000+00:00,Zing HDFC Dabit Card,Must,Recursive,Regular Expenses,Monthly
1000,Jacket for Stuti,2020-01-01T11:08:39.000+00:00,Zing Current Account,Nice,One Time,Clothing,Monthly
350,Amazon,2020-01-01T11:08:39.000+00:00,Zing HDFC Dabit Card,Nice,One Time,Grocery,Monthly
717,Pinky Purchase,2020-01-01T11:08:39.000+00:00,Pinky Canara Debit Card,Must,One Time,Clothing,Monthly
1004,Birthday Gift,2020-01-01T11:08:39.000+00:00,Pinky Canara Debit Card,Must,One Time,Gift,Monthly
2000,Transfer to Kundagol,2020-01-01T11:08:39.000+00:00,Pinky HDFC Debit Card,Must,One Time,Donation,Monthly
2895,Birthday Gift,2020-01-01T11:08:39.000+00:00,Pinky HDFC Debit Card,Must,One Time,Gift,Monthly
908,Health & Glow,2020-01-01T11:08:39.000+00:00,Pinky HDFC Debit Card,Must,One Time,Clothing,Monthly
6000,Home Expense,2020-01-01T11:08:39.000+00:00,Zing HDFC Dabit Card,Must,Recursive,Regular Expenses,Monthly
1200,Office Expense,2020-01-01T11:08:39.000+00:00,Zing Current Account,Nice,One Time,Hotel,Monthly
307154,Deeksha (College),2020-02-01T11:08:39.000+00:00,Zing HDFC Dabit Card,Must,One Time,Yearly,Yearly
1600,Stuti VAN,2020-02-01T11:08:39.000+00:00,Zing HDFC Dabit Card,Must,Recursive,Local Transport,Monthly
10000,Home Expense,2020-01-01T11:08:39.000+00:00,Zing HDFC Dabit Card,Must,One Time,Regular Expenses,Monthly
6000,Home Expense,2020-02-01T11:08:39.000+00:00,Zing HDFC Dabit Card,Must,Recursive,Regular Expenses,Monthly
531,Vegetables (Grocery),2020-02-01T11:08:39.000+00:00,Zing Credit Card,Must,Recursive,Grocery,Monthly
670,OLA Cabs,2020-02-01T11:08:39.000+00:00,Zing Credit Card,Must,One Time,Local Transport,Monthly
340,ATO*R R VATIKABANGALOREIN (Hotel Dinner),2020-02-01T11:08:39.000+00:00,Zing Credit Card,Nice,One Time,Hotel,Monthly
573,Swiggy,2020-02-01T11:08:39.000+00:00,Zing Credit Card,Nice,One Time,Hotel,Monthly
5000,Home Expense,2020-02-01T11:08:39.000+00:00,Zing HDFC Dabit Card,Must,Recursive,Regular Expenses,Monthly
1473,Bus booking to BGK,2020-02-01T11:08:39.000+00:00,Zing Credit Card,Nice,One Time,Travel,Monthly
1410,BESCOM,2020-02-01T11:08:39.000+00:00,Zing Credit Card,Must,Recursive,Regular Expenses,Monthly
334,ATRIA CONVERGENCE TECHMUMBAIIN (Cable),2020-02-01T11:08:39.000+00:00,Zing Credit Card,Must,Recursive,Regular Expenses,Monthly
244,Amazon,2020-02-01T11:08:39.000+00:00,Zing Current Account,Nice,One Time,Clothing,Monthly
4000,Tailor expenses,2020-02-01T11:08:39.000+00:00,Pinky Canara Debit Card,Must,One Time,Clothing,Monthly
710,Pinky Gift,2020-02-01T11:08:39.000+00:00,Pinky Canara Debit Card,Must,One Time,Gift,Monthly
1500,SRI RAJA RAJESHWARI FILBENGALURUIN (Petrol),2020-02-01T11:08:39.000+00:00,Zing Credit Card,Must,Recursive,Local Transport,Monthly
5956,DMART AVENUE (Grocery),2020-02-01T11:08:39.000+00:00,Zing Credit Card,Must,Recursive,Grocery,Monthly
2000,Cash for regular use,2020-02-01T11:08:39.000+00:00,Zing HDFC Dabit Card,Must,Recursive,Regular Expenses,Monthly
1710,Monthly milk,2020-02-01T11:08:39.000+00:00,Zing Credit Card,Must,Recursive,Regular Expenses,Monthly
1677,VILLAGE HYPER (Grocery),2020-02-01T11:08:39.000+00:00,Zing Credit Card,Must,Recursive,Grocery,Monthly
360,GANESH MEDICALS,2020-02-01T11:08:39.000+00:00,Zing Credit Card,Must,One Time,Medical,Monthly
589,Airtel,2020-02-01T11:08:39.000+00:00,Zing Credit Card,Must,Recursive,Regular Expenses,Monthly
419,Vegetables (Grocery),2020-02-01T11:08:39.000+00:00,Zing Credit Card,Must,Recursive,Grocery,Monthly
487,ATO*R R VATIKABANGALOREIN (Hotel Dinner),2020-02-01T11:08:39.000+00:00,Zing Credit Card,Nice,One Time,Hotel,Monthly
800,Indigo for travel certificate,2020-02-01T11:08:39.000+00:00,Zing Credit Card,Nice,One Time,One Time,Monthly
99,KFC RESTAURANTS BANGALORE IN,2020-02-01T11:08:39.000+00:00,Zing Credit Card,Nice,One Time,Hotel,Monthly
1118,OLA Cabs,2020-02-01T11:08:39.000+00:00,Zing Credit Card,Must,One Time,Local Transport,Monthly
611,SWIGGYBengaluruIN,2020-02-01T11:08:39.000+00:00,Zing Credit Card,Nice,One Time,Hotel,Monthly
423,GREEN HOUSEBANGALOREI (Grocery),2020-02-01T11:08:39.000+00:00,Zing Credit Card,Must,Recursive,Grocery,Monthly
99,KFC RESTAURANTS BANGALORE IN,2020-02-01T11:08:39.000+00:00,Zing Credit Card,Nice,One Time,Hotel,Monthly
399,Airtel,2020-02-01T11:08:39.000+00:00,Zing Credit Card,Nice,Recursive,Regular Expenses,Monthly
399,Airtel,2020-02-01T11:08:39.000+00:00,Zing Credit Card,Nice,Recursive,Regular Expenses,Monthly
5000,Yelgur,2020-02-01T11:08:39.000+00:00,Zing Current Account,Nice,One Time,One Time,Monthly
220,Amazon (dustbin bags) (Grocery),2020-02-01T11:08:39.000+00:00,Zing Credit Card,Must,One Time,Grocery,Monthly
378,Haircut (Saket),2020-02-01T11:08:39.000+00:00,Zing Credit Card,Must,One Time,Regular Expenses,Monthly
189,Medicine (Medical),2020-02-01T11:08:39.000+00:00,Zing Credit Card,Must,One Time,Medical,Monthly
276,Vegetables (Grocery),2020-02-01T11:08:39.000+00:00,Pinky Canara Debit Card,Must,One Time,Grocery,Monthly
702,Vegetables (Grocery),2020-02-01T11:08:39.000+00:00,Zing Credit Card,Must,Recursive,Grocery,Monthly
1619,Brew Kings (Hotel),2020-02-01T11:08:39.000+00:00,Zing Credit Card,Nice,One Time,Hotel,Monthly
380,Amazon (Gift ),2020-02-01T11:08:39.000+00:00,Zing Credit Card,Nice,One Time,Gift,Monthly
4800,Home Expense,2020-03-01T11:08:39.000+00:00,Zing HDFC Dabit Card,Must,Recursive,Regular Expenses,Monthly
900,Zomato Membership,2020-02-01T11:08:39.000+00:00,Zing Credit Card,Nice,One Time,Hotel,Monthly
1574,Mintra (pinky),2020-02-01T11:08:39.000+00:00,Pinky Canara Debit Card,Must,One Time,Clothing,Monthly
863,Cylender,2020-02-01T11:08:39.000+00:00,Pinky Canara Debit Card,Must,Recursive,Regular Expenses,Monthly
3200,Zing cash,2020-03-01T11:08:39.000+00:00,Zing HDFC Dabit Card,Must,Recursive,Regular Expenses,Monthly
6000,Home Expense,2020-03-01T11:08:39.000+00:00,Zing HDFC Dabit Card,Must,Recursive,Regular Expenses,Monthly
1600,Stuti VAN,2020-03-01T11:08:39.000+00:00,Zing HDFC Dabit Card,Must,Recursive,Local Transport,Monthly
299,ATRIA CONVERGENCE TECHMUMBAIIN (Cable),2020-03-01T11:08:39.000+00:00,Zing Credit Card,Must,Recursive,Regular Expenses,Monthly
3156,Band factory (Shoes & Bag for Saket),2020-03-01T11:08:39.000+00:00,Zing Credit Card,Nice,One Time,Clothing,Monthly
386,Vegetables (Grocery),2020-03-01T11:08:39.000+00:00,Zing Credit Card,Must,Recursive,Grocery,Monthly
238,APOLLO HOSPITALS ENTER BANGALORE IN (Medical),2020-03-01T11:08:39.000+00:00,Zing Credit Card,Must,One Time,Medical,Monthly
250,Cake (Grocery),2020-03-01T11:08:39.000+00:00,Zing Credit Card,Nice,One Time,Grocery,Monthly
1477,BESCOM,2020-03-01T11:08:39.000+00:00,Zing Credit Card,Must,Recursive,Regular Expenses,Monthly
589,Airtel,2020-03-01T11:08:39.000+00:00,Zing Credit Card,Must,Recursive,Regular Expenses,Monthly
6701,DMART AVENUE (Grocery),2020-03-01T11:08:39.000+00:00,Zing Credit Card,Must,Recursive,Grocery,Monthly
365,Vegetables (Grocery),2020-03-01T11:08:39.000+00:00,Zing Credit Card,Must,Recursive,Grocery,Monthly
236,Grocery,2020-03-01T11:08:39.000+00:00,Zing Credit Card,Must,Recursive,Grocery,Monthly
184,KFC RESTAURANTS BANGALORE IN,2020-03-01T11:08:39.000+00:00,Zing Credit Card,Nice,Recursive,Hotel,Monthly
1258,Hotel (Zing),2020-03-01T11:08:39.000+00:00,Zing HDFC Dabit Card,Nice,One Time,Hotel,Monthly
1500,SRI RAJA RAJESHWARI FILBENGALURUIN (Petrol),2020-03-01T11:08:39.000+00:00,Zing Credit Card,Must,Recursive,Local Transport,Monthly
1423,Grocery,2020-03-01T11:08:39.000+00:00,Zing Credit Card,Must,One Time,Grocery,Monthly
572,Amazon (Book for Saket),2020-03-01T11:08:39.000+00:00,Zing Credit Card,Must,One Time,Education,Monthly
386,Reliance fresh (Ice Cream) (Grocery),2020-03-01T11:08:39.000+00:00,Zing Credit Card,Must,One Time,Grocery,Monthly
453,Vegetables (Grocery),2020-03-01T11:08:39.000+00:00,Zing Credit Card,Must,Recursive,Grocery,Monthly
142,Debit card charges,2020-03-01T11:08:39.000+00:00,Pinky Canara Debit Card,Must,One Time,Yearly,Monthly
600,Recharge for Curd in App,2020-03-01T11:08:39.000+00:00,Zing Credit Card,Must,One Time,Regular Expenses,Monthly
595,Vegetables (Grocery),2020-03-01T11:08:39.000+00:00,Zing Credit Card,Must,Recursive,Grocery,Monthly
49,Recharge mobile - pinky mammy,2020-03-01T11:08:39.000+00:00,Zing Credit Card,Nice,One Time,Regular Expenses,Monthly
160,Courier for Saket shirt exchange,2020-03-01T11:08:39.000+00:00,Zing Current Account,Nice,One Time,Education,Monthly
833,Grocery,2020-03-01T11:08:39.000+00:00,Zing Credit Card,Must,One Time,Grocery,Monthly
1695,Monthly milk,2020-03-01T11:08:39.000+00:00,Zing Credit Card,Must,Recursive,Regular Expenses,Monthly
7565,Saket books and uniform,2020-03-01T11:08:39.000+00:00,Zing Credit Card,Must,One Time,Education,Monthly
859,OLA Cabs,2020-03-01T11:08:39.000+00:00,Zing Credit Card,Must,Recursive,Local Transport,Monthly
386,T Shirt pinky,2020-03-01T11:08:39.000+00:00,Pinky Canara Debit Card,Must,One Time,Clothing,Monthly
799,T Shirt pinky,2020-03-01T11:08:39.000+00:00,Pinky HDFC Debit Card,Must,One Time,Clothing,Monthly
232,APOLLO HOSPITALS ENTER BANGALORE IN (Medical),2020-03-01T11:08:39.000+00:00,Zing Credit Card,Must,One Time,Medical,Monthly
528,Vegetables (Grocery),2020-03-01T11:08:39.000+00:00,Zing Credit Card,Must,Recursive,Grocery,Monthly
1184,Grocery,2020-03-01T11:08:39.000+00:00,Zing Credit Card,Must,Recursive,Grocery,Monthly
14820,Melody,2020-04-01T11:08:39.000+00:00,Zing HDFC Dabit Card,Must,Recursive,Yearly,Yearly
10000,Pinky,2020-04-01T11:08:39.000+00:00,Zing HDFC Dabit Card,Must,Recursive,Yearly,Yearly
3200,Zing cash,2020-04-01T11:08:39.000+00:00,Zing HDFC Dabit Card,Must,Recursive,Regular Expenses,Monthly
1600,Stuti VAN,2020-04-01T11:08:39.000+00:00,Zing HDFC Dabit Card,Must,Recursive,Local Transport,Monthly
314,ATRIA CONVERGENCE TECHMUMBAIIN (Cable),2020-04-01T11:08:39.000+00:00,Zing Credit Card,Must,Recursive,Regular Expenses,Monthly
1800,Monthly milk,2020-04-01T11:08:39.000+00:00,Zing Credit Card,Must,Recursive,Regular Expenses,Monthly
589,Airtel,2020-04-01T11:08:39.000+00:00,Zing Credit Card,Must,Recursive,Regular Expenses,Monthly
8000,Home Expense,2020-04-01T11:08:39.000+00:00,Zing HDFC Dabit Card,Must,Recursive,Regular Expenses,Monthly
5362,BBMP Property tax (20-21),2020-04-01T11:08:39.000+00:00,Zing Credit Card,Must,One Time,Yearly,Monthly
1420,Grocery,2020-04-01T11:08:39.000+00:00,Zing Credit Card,Must,One Time,Grocery,Monthly
744,Cooking gas,2020-04-01T11:08:39.000+00:00,Zing Credit Card,Must,One Time,Regular Expenses,Monthly
1389,BESCOM,2020-04-01T11:08:39.000+00:00,Zing Credit Card,Must,Recursive,Regular Expenses,Monthly
399,Airtel,2020-04-01T11:08:39.000+00:00,Zing Credit Card,Nice,Recursive,Regular Expenses,Monthly
2360,Locker charges,2020-04-01T11:08:39.000+00:00,Pinky Canara Debit Card,Must,One Time,Yearly,Monthly
1159,Medicine (Medical),2020-04-01T11:08:39.000+00:00,Zing Credit Card,Must,One Time,Medical,Monthly
520,Meat factory (Grocery),2020-04-01T11:08:39.000+00:00,Zing Credit Card,Nice,One Time,Grocery,Monthly
250,Cake (Grocery),2020-04-01T11:08:39.000+00:00,Zing Credit Card,Nice,One Time,Grocery,Monthly
5764,Grocery,2020-04-01T11:08:39.000+00:00,Zing Credit Card,Nice,Recursive,Grocery,Monthly
7650,Home Expense,2020-05-01T11:08:39.000+00:00,Zing HDFC Dabit Card,Must,Recursive,Regular Expenses,Monthly
2110,Zing cash,2020-05-01T11:08:39.000+00:00,Zing HDFC Dabit Card,Must,Recursive,Regular Expenses,Monthly
1200,Stuti dance tuition fee,2020-05-01T11:08:39.000+00:00,Zing Current Account,Must,Recursive,Education,Monthly
1600,Stuti VAN,2020-05-01T11:08:39.000+00:00,Zing HDFC Dabit Card,Must,Recursive,Local Transport,Monthly
650,Vegetables (Grocery),2020-04-01T11:08:39.000+00:00,Zing Credit Card,Must,Recursive,Grocery,Monthly
399,Airtel,2020-04-01T11:08:39.000+00:00,Zing Credit Card,Nice,Recursive,Regular Expenses,Monthly
462,Grocery,2020-04-01T11:08:39.000+00:00,Zing Credit Card,Nice,One Time,Grocery,Monthly
312,ATRIA CONVERGENCE TECHMUMBAIIN (Cable),2020-05-01T11:08:39.000+00:00,Zing Credit Card,Must,Recursive,Regular Expenses,Monthly
5699,Grocery,2020-05-01T11:08:39.000+00:00,Zing Credit Card,Must,One Time,Grocery,Monthly
589,Airtel,2020-05-01T11:08:39.000+00:00,Zing Credit Card,Must,Recursive,Regular Expenses,Monthly
205,Sub way for Saket,2020-05-01T11:08:39.000+00:00,Zing Credit Card,Nice,One Time,Hotel,Monthly
250,Mangoes (Grocery),2020-05-01T11:08:39.000+00:00,Zing Current Account,Nice,One Time,Grocery,Monthly
1800,Monthly milk,2020-05-01T11:08:39.000+00:00,Zing Credit Card,Must,Recursive,Regular Expenses,Monthly
760,Eye doctor for Saket (Medical),2020-05-01T11:08:39.000+00:00,Zing Current Account,Must,One Time,Medical,Monthly
2060,Grocery,2020-05-01T11:08:39.000+00:00,Zing Credit Card,Must,One Time,Grocery,Monthly
660,Masks,2020-05-01T11:08:39.000+00:00,Zing Current Account,Must,One Time,Clothing,Monthly
1327,Grocery,2020-05-01T11:08:39.000+00:00,Zing Credit Card,Must,One Time,Grocery,Monthly
1682,D Mart (Chairs + addon) (Grocery),2020-05-01T11:08:39.000+00:00,Zing Credit Card,Nice,One Time,Grocery,Monthly
300,Mangoes (Grocery),2020-05-01T11:08:39.000+00:00,Zing Current Account,Nice,One Time,Grocery,Monthly
120,Medicine for pinky (Medical),2020-05-01T11:08:39.000+00:00,Zing Current Account,Must,One Time,Medical,Monthly
948,Medicine (Medical),2020-05-01T11:08:39.000+00:00,Zing Credit Card,Must,One Time,Medical,Monthly
420,Cake (Grocery),2020-05-01T11:08:39.000+00:00,Zing Credit Card,Must,One Time,Grocery,Monthly
353,Vegetables (Grocery),2020-05-01T11:08:39.000+00:00,Zing Credit Card,Must,Recursive,Grocery,Monthly
8286,DMART AVENUE (Grocery),2020-05-01T11:08:39.000+00:00,Zing Credit Card,Must,Recursive,Grocery,Monthly
645,Grocery,2020-06-01T11:08:39.000+00:00,Zing Credit Card,Must,Recursive,Grocery,Monthly
7400,Home Expense,2020-06-01T11:08:39.000+00:00,Zing HDFC Dabit Card,Must,Recursive,Regular Expenses,Monthly
2180,BESCOM,2020-05-01T11:08:39.000+00:00,Zing Credit Card,Must,Recursive,Regular Expenses,Monthly
400,Doctor (Medical),2020-05-01T11:08:39.000+00:00,Zing Credit Card,Must,One Time,Medical,Monthly
40000,Deeksha (College),2020-06-01T11:08:39.000+00:00,Zing HDFC Dabit Card,Must,One Time,Yearly,Yearly
65819,Baldwin for Stuti fees,2020-06-01T11:08:39.000+00:00,Zing HDFC Dabit Card,Must,One Time,Yearly,Yearly
312,ATRIA CONVERGENCE TECHMUMBAIIN (Cable),2020-06-01T11:08:39.000+00:00,Zing Credit Card,Must,Recursive,Regular Expenses,Monthly
269,Grocery,2020-06-01T11:08:39.000+00:00,Zing Credit Card,Must,One Time,Grocery,Monthly
1470,Cooker,2020-06-01T11:08:39.000+00:00,Zing Current Account,Must,One Time,Grocery,Monthly
2700,Zing cash,2020-06-01T11:08:39.000+00:00,Zing HDFC Dabit Card,Must,Recursive,Regular Expenses,Monthly
337,Vegetables (Grocery),2020-06-01T11:08:39.000+00:00,Zing Credit Card,Must,Recursive,Grocery,Monthly
602,Cylender,2020-06-01T11:08:39.000+00:00,Zing Credit Card,Must,Recursive,Regular Expenses,Monthly
1838,BESCOM,2020-06-01T11:08:39.000+00:00,Zing Credit Card,Must,Recursive,Regular Expenses,Monthly
399,Airtel,2020-06-01T11:08:39.000+00:00,Zing Credit Card,Must,Recursive,Regular Expenses,Monthly
821,Gift to Golu,2020-06-01T11:08:39.000+00:00,Zing Credit Card,Nice,One Time,Gift,Monthly
600,Stuti dance tuition fee,2020-06-01T11:08:39.000+00:00,Zing Current Account,Must,Recursive,Education,Monthly
2679,Saket Shoes,2020-06-01T11:08:39.000+00:00,Pinky HDFC Debit Card,Must,One Time,Clothing,Monthly
2000,Transfer to Kundagol,2020-06-01T11:08:39.000+00:00,Pinky HDFC Debit Card,Must,One Time,Donation,Monthly
1886,Milk refill,2020-06-01T11:08:39.000+00:00,Zing Credit Card,Must,Recursive,Regular Expenses,Monthly
589,Airtel,2020-06-01T11:08:39.000+00:00,Zing Credit Card,Must,Recursive,Regular Expenses,Monthly
399,Airtel,2020-06-01T11:08:39.000+00:00,Zing Credit Card,Must,Recursive,Regular Expenses,Monthly
5121,Internet for 7 months,2020-06-01T11:08:39.000+00:00,Zing Credit Card,Must,One Time,Yearly,Monthly
277,Stuti Stationary,2020-06-01T11:08:39.000+00:00,Zing Credit Card,Must,One Time,Education,Monthly
546,Meat factory (Grocery),2020-06-01T11:08:39.000+00:00,Zing Credit Card,Must,One Time,Grocery,Monthly
300,Snacks (Grocery),2020-06-01T11:08:39.000+00:00,Zing Current Account,Nice,One Time,Grocery,Monthly
225,Rusk (Grocery),2020-06-01T11:08:39.000+00:00,Zing Current Account,Nice,One Time,Grocery,Monthly
916,Grocery,2020-06-01T11:08:39.000+00:00,Zing Credit Card,Must,One Time,Grocery,Monthly
165,Medicine (Medical),2020-06-01T11:08:39.000+00:00,Zing Credit Card,Must,One Time,Medical,Monthly
465,Vegetables (Grocery),2020-06-01T11:08:39.000+00:00,Zing Credit Card,Must,Recursive,Grocery,Monthly
80,Chips (Grocery),2020-06-01T11:08:39.000+00:00,Zing Credit Card,Nice,One Time,Grocery,Monthly
180,Snacks (Grocery),2020-06-01T11:08:39.000+00:00,Pinky HDFC Debit Card,Must,One Time,Grocery,Monthly
1483,Chinni's shrts,2020-06-01T11:08:39.000+00:00,Zing Current Account,Nice,One Time,Clothing,Monthly
798,"Stylus, Watch for Chinnni",2020-06-01T11:08:39.000+00:00,Zing Credit Card,Nice,One Time,Clothing,Monthly
5147,Grocery,2020-06-01T11:08:39.000+00:00,Zing Credit Card,Must,Recursive,Grocery,Monthly
325,Vegetables (Grocery),2020-06-01T11:08:39.000+00:00,Zing Credit Card,Must,Recursive,Grocery,Monthly
299,Vegetables (Grocery),2020-06-01T11:08:39.000+00:00,Zing Credit Card,Must,Recursive,Grocery,Monthly
420,Snacks (Grocery),2020-06-01T11:08:39.000+00:00,Zing Current Account,Nice,One Time,Grocery,Monthly
1143,Medicines (Medical),2020-06-01T11:08:39.000+00:00,Zing Credit Card,Must,One Time,Medical,Monthly
1500,Petrol,2020-06-01T11:08:39.000+00:00,Zing HDFC Dabit Card,Must,Recursive,Local Transport,Monthly
660,Notebook,2020-06-01T11:08:39.000+00:00,Zing Current Account,Must,One Time,Education,Monthly
190,Chips (Grocery),2020-06-01T11:08:39.000+00:00,Zing Credit Card,Nice,One Time,Grocery,Monthly
3599,Nurnary plants,2020-06-01T11:08:39.000+00:00,Zing Credit Card,Must,One Time,One Time,Monthly
29860,Mobile for Saket,2020-07-01T11:08:39.000+00:00,Zing Credit Card,Must,One Time,Yearly,Yearly
14820,Melody,2020-07-01T11:08:39.000+00:00,Zing HDFC Dabit Card,Must,Recursive,Yearly,Yearly
10000,Pinky,2020-07-01T11:08:39.000+00:00,Zing HDFC Dabit Card,Must,Recursive,Yearly,Yearly
6800,Home Expense,2020-07-01T11:08:39.000+00:00,Zing HDFC Dabit Card,Must,Recursive,Regular Expenses,Monthly
4300,Cash for regular use,2020-07-01T11:08:39.000+00:00,Zing HDFC Dabit Card,Must,Recursive,Regular Expenses,Monthly
313,ATRIA CONVERGENCE TECHMUMBAIIN (Cable),2020-07-01T11:08:39.000+00:00,Zing Credit Card,Must,Recursive,Regular Expenses,Monthly
1710,Milk refill,2020-07-01T11:08:39.000+00:00,Zing Credit Card,Must,Recursive,Regular Expenses,Monthly
1730,BESCOM,2020-07-01T11:08:39.000+00:00,Zing Credit Card,Must,Recursive,Regular Expenses,Monthly
175,Medicine (Medical),2020-07-01T11:08:39.000+00:00,Zing Credit Card,Must,Recursive,Medical,Monthly
867,Grocery,2020-07-01T11:08:39.000+00:00,Zing Credit Card,Must,Recursive,Grocery,Monthly
589,Airtel,2020-07-01T11:08:39.000+00:00,Zing Credit Card,Must,Recursive,Regular Expenses,Monthly
1506,Grocery,2020-07-01T11:08:39.000+00:00,Zing Credit Card,Must,Recursive,Grocery,Monthly
8316,Stuti Books,2020-07-01T11:08:39.000+00:00,Zing Credit Card,Must,One Time,Education,Monthly
600,Stuti dance tuition fee,2020-07-01T11:08:39.000+00:00,Zing Current Account,Must,Recursive,Education,Monthly
120,Chips (Grocery),2020-07-01T11:08:39.000+00:00,Zing Credit Card,Must,One Time,Grocery,Monthly
101,Extra milk,2020-07-01T11:08:39.000+00:00,Zing Credit Card,Nice,One Time,Regular Expenses,Monthly
550,Saket Book,2020-07-01T11:08:39.000+00:00,Zing Credit Card,Nice,One Time,Education,Monthly
590,Dry fruits (Grocery),2020-07-01T11:08:39.000+00:00,Zing Current Account,Must,One Time,Grocery,Monthly
270,Chinni birthday,2020-07-01T11:08:39.000+00:00,Zing Credit Card,Nice,One Time,Hotel,Monthly
300,Snacks (Grocery),2020-07-01T11:08:39.000+00:00,Zing Current Account,Nice,One Time,Grocery,Monthly
1317,Grocery,2020-07-01T11:08:39.000+00:00,Zing Credit Card,Must,Recursive,Grocery,Monthly
580,Bakery items (Grocery),2020-07-01T11:08:39.000+00:00,Zing Credit Card,Must,Recursive,Grocery,Monthly
5000,Home Expense,2020-08-01T11:08:39.000+00:00,Zing HDFC Dabit Card,Must,Recursive,Regular Expenses,Monthly
1478,Manya gift and Pinky dress,2020-07-01T11:08:39.000+00:00,Pinky HDFC Debit Card,Nice,One Time,Gift,Monthly
100000,Ambabhavani Denagi,2020-08-01T11:08:39.000+00:00,Zing HDFC Dabit Card,Nice,One Time,Yearly,Yearly
1498,Stuti Mobile recharge,2020-08-01T11:08:39.000+00:00,Zing Credit Card,Must,One Time,Regular Expenses,Monthly
314,Cable TV,2020-08-01T11:08:39.000+00:00,Zing Credit Card,Must,Recursive,Regular Expenses,Monthly
2410,Cash for regular use,2020-08-01T11:08:39.000+00:00,Zing HDFC Dabit Card,Must,Recursive,Regular Expenses,Monthly
270,Stationaries,2020-08-01T11:08:39.000+00:00,Zing Current Account,Must,One Time,Education,Monthly
1093,Grocery,2020-08-01T11:08:39.000+00:00,Zing Credit Card,Must,Recursive,Grocery,Monthly
899,Saket Sweat shirt,2020-07-01T11:08:39.000+00:00,Zing Credit Card,Nice,One Time,Clothing,Monthly
1694,Elica burner,2020-07-01T11:08:39.000+00:00,Zing Current Account,Must,One Time,One Time,Monthly
2792,Milk refill,2020-08-01T11:08:39.000+00:00,Zing Credit Card,Must,Recursive,Regular Expenses,Monthly
950,Chinni Cake (Grocery),2020-08-01T11:08:39.000+00:00,Pinky HDFC Debit Card,Must,One Time,Grocery,Monthly
197,Medicine (Medical),2020-08-01T11:08:39.000+00:00,Zing Credit Card,Must,One Time,Medical,Monthly
292,Vegetables (Grocery),2020-08-01T11:08:39.000+00:00,Zing Credit Card,Must,Recursive,Grocery,Monthly
467,Grocery,2020-08-01T11:08:39.000+00:00,Zing Current Account,Must,One Time,Grocery,Monthly
959,Grocery,2020-08-01T11:08:39.000+00:00,Zing Credit Card,Must,Recursive,Grocery,Monthly
2196,Bata slippers,2020-08-01T11:08:39.000+00:00,Zing Credit Card,Nice,One Time,Clothing,Monthly
600,Stuti dance tuition fee,2020-08-01T11:08:39.000+00:00,Zing Current Account,Must,Recursive,Education,Monthly
300,Medicine (Medical),2020-08-01T11:08:39.000+00:00,Zing Current Account,Must,One Time,Medical,Monthly
210,Sweet (Grocery),2020-08-01T11:08:39.000+00:00,Zing Current Account,Nice,One Time,Grocery,Monthly
570,Bakery items (Grocery),2020-08-01T11:08:39.000+00:00,Zing Credit Card,Must,One Time,Grocery,Monthly
825,Grocery,2020-08-01T11:08:39.000+00:00,Zing Credit Card,Must,Recursive,Grocery,Monthly
1387,Zing/Saket/Pinky Mobile Recharge,2020-08-01T11:08:39.000+00:00,Zing Credit Card,Must,One Time,Regular Expenses,Monthly
3214,"Chinni dress, thermos, filter",2020-08-01T11:08:39.000+00:00,Zing Credit Card,Must,One Time,Clothing,Monthly
1250,"Wahing powder, other (Grocery)",2020-08-01T11:08:39.000+00:00,Zing Credit Card,Must,One Time,Grocery,Monthly
100,Pen (Grocery),2020-08-01T11:08:39.000+00:00,Zing Credit Card,Must,One Time,Education,Monthly
4236,Washing m/c repair,2020-08-01T11:08:39.000+00:00,Zing Current Account,Must,One Time,One Time,Monthly
599,iPhone 5S Battery,2020-08-01T11:08:39.000+00:00,Zing Credit Card,Nice,One Time,One Time,Monthly
754,Pizza,2020-08-01T11:08:39.000+00:00,Zing Credit Card,Nice,One Time,Hotel,Monthly
784,Grocery,2020-08-01T11:08:39.000+00:00,Zing Current Account,Must,Recursive,Grocery,Monthly
244,Gloves (Grocery),2020-08-01T11:08:39.000+00:00,Zing Credit Card,Nice,One Time,Grocery,Monthly
320,Chips (Grocery),2020-08-01T11:08:39.000+00:00,Zing Credit Card,Must,Recursive,Grocery,Monthly
2290,Saket books,2020-08-01T11:08:39.000+00:00,Zing Credit Card,Nice,One Time,Education,Monthly
1636,BESCOM,2020-08-01T11:08:39.000+00:00,Zing Credit Card,Must,Recursive,Regular Expenses,Monthly
1628,Grocery,2020-08-01T11:08:39.000+00:00,Zing Credit Card,Must,Recursive,Grocery,Monthly
711,Vegetables (Grocery),2020-08-01T11:08:39.000+00:00,Zing Credit Card,Must,Recursive,Grocery,Monthly
38490,New Laptop,2020-09-01T11:08:39.000+00:00,Zing HDFC Dabit Card,Must,One Time,Yearly,Yearly
4500,New Melody Khata,2020-09-01T11:08:39.000+00:00,Zing Credit Card,Must,One Time,Yearly,Yearly
5996,Car Insurance,2020-09-01T11:08:39.000+00:00,Zing Credit Card,Must,One Time,Yearly,Monthly
6800,Home Expense,2020-09-01T11:08:39.000+00:00,Zing HDFC Dabit Card,Must,Recursive,Regular Expenses,Monthly
2130,Cash for regular use,2020-09-01T11:08:39.000+00:00,Zing HDFC Dabit Card,Must,Recursive,Regular Expenses,Monthly
667,Milk refill,2020-09-01T11:08:39.000+00:00,Zing Credit Card,Must,Recursive,Regular Expenses,Monthly
313,Cable TV,2020-09-01T11:08:39.000+00:00,Zing Credit Card,Must,Recursive,Regular Expenses,Monthly
490,Chinni books,2020-09-01T11:08:39.000+00:00,Zing Credit Card,Nice,One Time,Education,Monthly
320,Snacks (Grocery),2020-09-01T11:08:39.000+00:00,Zing Current Account,Nice,One Time,Grocery,Monthly
1697,BESCOM,2020-09-01T11:08:39.000+00:00,Zing Credit Card,Must,Recursive,Regular Expenses,Monthly
1868,Pinky and Chinni dress,2020-08-01T11:08:39.000+00:00,Zing Credit Card,Must,One Time,Clothing,Monthly
600,Stuti dance tuition fee,2020-09-01T11:08:39.000+00:00,Zing Current Account,Must,Recursive,Education,Monthly
400,Snacks (Grocery),2020-09-01T11:08:39.000+00:00,Zing Credit Card,Nice,One Time,Grocery,Monthly
589,AirTel,2020-09-01T11:08:39.000+00:00,Zing Credit Card,Must,Recursive,Regular Expenses,Monthly
230,Cake (Grocery),2020-08-01T11:08:39.000+00:00,Zing Credit Card,Must,Recursive,Grocery,Monthly
2024,Grocery,2020-08-01T11:08:39.000+00:00,Zing Credit Card,Must,Recursive,Grocery,Monthly
1259,Vegetables (Grocery),2020-09-01T11:08:39.000+00:00,Zing Credit Card,Must,Recursive,Grocery,Monthly
578,Vegetables (Grocery),2020-09-01T11:08:39.000+00:00,Zing Credit Card,Must,Recursive,Grocery,Monthly
630,Cooking gas,2020-09-01T11:08:39.000+00:00,Zing HDFC Dabit Card,Must,One Time,Regular Expenses,Monthly
340,Snacks (Grocery),2020-09-01T11:08:39.000+00:00,Zing Current Account,Nice,One Time,Grocery,Monthly
1273,Saket KVPY Exam fee,2020-09-01T11:08:39.000+00:00,Zing Credit Card,Must,One Time,Education,Monthly
1549,Grocery (Grocery),2020-09-01T11:08:39.000+00:00,Zing Credit Card,Must,Recursive,Grocery,Monthly
2500,Driving License,2020-09-01T11:08:39.000+00:00,Zing HDFC Dabit Card,Must,One Time,One Time,Monthly
330,Sweet (Grocery),2020-09-01T11:08:39.000+00:00,Zing Credit Card,Must,Recursive,Grocery,Monthly
1184,Pizza,2020-09-01T11:08:39.000+00:00,Zing Credit Card,Nice,One Time,Hotel,Monthly
909,Grocery,2020-09-01T11:08:39.000+00:00,Zing Credit Card,Must,Recursive,Grocery,Monthly
280,Rusk (Grocery),2020-09-01T11:08:39.000+00:00,Zing Current Account,Nice,One Time,Grocery,Monthly
1232,Medicine (Medical),2020-09-01T11:08:39.000+00:00,Zing Credit Card,Must,One Time,Medical,Monthly
1754,Plants,2020-09-01T11:08:39.000+00:00,Zing Credit Card,Nice,One Time,One Time,Monthly
2396,Grocery,2020-09-01T11:08:39.000+00:00,Zing Credit Card,Must,Recursive,Grocery,Monthly
950,Stuti Cycle Repair,2020-09-01T11:08:39.000+00:00,Zing Credit Card,Nice,One Time,One Time,Monthly
1354,Chinni dress,2020-09-01T11:08:39.000+00:00,Zing Credit Card,Nice,One Time,Clothing,Monthly
1500,Petrol,2020-09-01T11:08:39.000+00:00,Zing Credit Card,Must,Recursive,Local Transport,Monthly
14820,Melody,2020-10-01T11:08:39.000+00:00,Zing HDFC Dabit Card,Must,Recursive,Yearly,Yearly
10000,Pinky,2020-10-01T11:08:39.000+00:00,Zing HDFC Dabit Card,Must,Recursive,Yearly,Yearly
6800,Home Expense,2020-10-01T11:08:39.000+00:00,Zing HDFC Dabit Card,Must,Recursive,Regular Expenses,Monthly
540,Snacks (Grocery),2020-09-01T11:08:39.000+00:00,Zing Current Account,Nice,One Time,Grocery,Monthly
4055,Cash for regular use,2020-10-01T11:08:39.000+00:00,Zing HDFC Dabit Card,Must,Recursive,Regular Expenses,Monthly
1827,Grocery,2020-09-01T11:08:39.000+00:00,Zing Credit Card,Must,Recursive,Grocery,Monthly
560,Medicine (Medical),2020-09-01T11:08:39.000+00:00,Zing Credit Card,Must,Recursive,Medical,Monthly
1386,Airtel,2020-10-01T11:08:39.000+00:00,Zing Credit Card,Must,Recursive,Regular Expenses,Monthly
1710,Milk refill,2020-10-01T11:08:39.000+00:00,Zing Credit Card,Must,Recursive,Regular Expenses,Monthly
1024,Medicine (Medical),2020-10-01T11:08:39.000+00:00,Zing Credit Card,Must,One Time,Medical,Monthly
321,Cable TV,2020-10-01T11:08:39.000+00:00,Zing Credit Card,Must,Recursive,Regular Expenses,Monthly
1000,Kundagol,2020-10-01T11:08:39.000+00:00,Zing Credit Card,Must,Recursive,Donation,Monthly
540,Cloths (Baniyan),2020-10-01T11:08:39.000+00:00,Zing Credit Card,Nice,One Time,Clothing,Monthly
2470,Grocery,2020-10-01T11:08:39.000+00:00,Zing Credit Card,Must,Recursive,Grocery,Monthly
153,Vegetables (Grocery),2020-10-01T11:08:39.000+00:00,Zing Credit Card,Must,Recursive,Grocery,Monthly
442,Medicine (Medical),2020-10-01T11:08:39.000+00:00,Zing Credit Card,Must,One Time,Medical,Monthly
1662,BESCOM,2020-10-01T11:08:39.000+00:00,Zing Credit Card,Must,Recursive,Regular Expenses,Monthly
599,Oximeter,2020-10-01T11:08:39.000+00:00,Zing Credit Card,Nice,One Time,One Time,Monthly
1910,Iron and Vitamin Tablets for Chinni & Rashmi (Medical),2020-10-01T11:08:39.000+00:00,Zing HDFC Dabit Card,Nice,One Time,Medical,Monthly
2330,Grocery,2020-10-01T11:08:39.000+00:00,Zing HDFC Dabit Card,Must,Recursive,Grocery,Monthly
250,Snacks (Grocery),2020-10-01T11:08:39.000+00:00,Zing Current Account,Nice,One Time,Grocery,Monthly
600,Stuti dance tuition fee,2020-10-01T11:08:39.000+00:00,Zing Current Account,Must,Recursive,Education,Monthly
852,Grocery,2020-10-01T11:08:39.000+00:00,Zing Credit Card,Must,Recursive,Grocery,Monthly
696,Haircut (Zing & Saket),2020-10-01T11:08:39.000+00:00,Zing Credit Card,Must,One Time,Regular Expenses,Monthly
370,Sweets (Grocery),2020-10-01T11:08:39.000+00:00,Zing Current Account,Nice,One Time,Grocery,Monthly
941,Gift to Pinky's father,2020-10-01T11:08:39.000+00:00,Zing Credit Card,Nice,One Time,Gift,Monthly
412,Vegetables (Grocery),2020-10-01T11:08:39.000+00:00,Zing Credit Card,Must,Recursive,Grocery,Monthly
516,Lunch outside,2020-10-01T11:08:39.000+00:00,Zing Credit Card,Nice,One Time,Hotel,Monthly
490,Loreal - Hair die for Pinky (Grocery),2020-10-01T11:08:39.000+00:00,Zing Credit Card,Nice,One Time,Grocery,Monthly
4450,"Laptop battery, keyboard and TV Remote",2020-10-01T11:08:39.000+00:00,Zing HDFC Dabit Card,Must,One Time,One Time,Monthly
9500,Travel to Hubli,2020-10-25T11:08:39.000+00:00,Zing HDFC Dabit Card,Nice,One Time,Yearly,Yearly
999,Amazon Prime Membership,2020-10-01T11:08:39.000+00:00,Zing Credit Card,Nice,One Time,Yearly,Monthly
901,Power bank,2020-10-01T11:08:39.000+00:00,Zing Credit Card,Nice,One Time,One Time,Monthly
856,Grocery,2020-10-01T11:08:39.000+00:00,Zing Credit Card,Must,Recursive,Grocery,Monthly
240,Sweets (Grocery),2020-10-01T11:08:39.000+00:00,Zing Current Account,Must,Recursive,Grocery,Monthly
977,Puma T Shirts,2020-10-01T11:08:39.000+00:00,Zing Credit Card,Nice,One Time,Clothing,Monthly
299,Gift for Saket's Friend (Deo),2020-10-01T11:08:39.000+00:00,Zing Credit Card,Nice,One Time,Gift,Monthly
295,Floss (Grocery),2020-10-01T11:08:39.000+00:00,Zing Credit Card,Nice,One Time,Grocery,Monthly
1041,Grocery,2020-10-01T11:08:39.000+00:00,Zing Credit Card,Must,One Time,Grocery,Monthly
1510,Dry fruits (Grocery),2020-10-01T11:08:39.000+00:00,Zing Current Account,Must,One Time,Grocery,Monthly
630,Snacks (Grocery),2020-10-01T11:08:39.000+00:00,Zing Current Account,Nice,One Time,Grocery,Monthly
375,Chinni t shirt,2020-10-01T11:08:39.000+00:00,Zing Credit Card,Nice,One Time,Clothing,Monthly
1760,Grocery,2020-10-01T11:08:39.000+00:00,Zing Credit Card,Must,One Time,Grocery,Monthly
520,Cake (Grocery),2020-10-01T11:08:39.000+00:00,Zing Credit Card,Nice,One Time,Grocery,Monthly
640,Lunch Outside,2020-10-01T11:08:39.000+00:00,Zing Credit Card,Nice,One Time,Hotel,Monthly
4800,"Pinky, chinni dress and Vidhi gift",2020-11-01T11:08:39.000+00:00,Zing HDFC Dabit Card,Nice,One Time,Clothing,Monthly
5340,Cash for regular use,2020-11-01T11:08:39.000+00:00,Zing HDFC Dabit Card,Must,Recursive,Regular Expenses,Monthly
336,Cable TV,2020-11-01T11:08:39.000+00:00,Zing Credit Card,Must,Recursive,Regular Expenses,Monthly
345,Plant pots,2020-10-01T11:08:39.000+00:00,Zing Credit Card,Nice,One Time,One Time,Monthly
6800,Home Expense,2020-11-01T11:08:39.000+00:00,Zing HDFC Dabit Card,Must,Recursive,Regular Expenses,Monthly
1462,BESCOM,2020-11-01T11:08:39.000+00:00,Zing Credit Card,Must,Recursive,Regular Expenses,Monthly
760,Grocery,2020-11-01T11:08:39.000+00:00,Zing Credit Card,Must,Recursive,Grocery,Monthly
988,Airtel,2020-11-01T11:08:39.000+00:00,Zing Credit Card,Must,Recursive,Regular Expenses,Monthly
1000,Petrol,2020-11-01T11:08:39.000+00:00,Zing Credit Card,Must,Recursive,Local Transport,Monthly
300,Gift to Pinky's father,2020-10-01T11:08:39.000+00:00,Zing Current Account,Nice,One Time,Gift,Monthly
1800,Milk refill,2020-11-01T11:08:39.000+00:00,Zing Credit Card,Must,Recursive,Regular Expenses,Monthly
597,Gas booking,2020-11-01T11:08:39.000+00:00,Zing Credit Card,Must,Recursive,Regular Expenses,Monthly
600,Stuti Dance,2020-11-01T11:08:39.000+00:00,Zing Current Account,Must,Recursive,Education,Monthly
220,Rusk (Grocery),2020-11-01T11:08:39.000+00:00,Zing Current Account,Nice,One Time,Grocery,Monthly
956,Grocery,2020-11-01T11:08:39.000+00:00,Zing Credit Card,Must,Recursive,Grocery,Monthly
1659,Quilt cover,2020-11-01T11:08:39.000+00:00,Zing Credit Card,Nice,One Time,One Time,Monthly
2009,Grocery,2020-11-01T11:08:39.000+00:00,Zing Credit Card,Must,Recursive,Grocery,Monthly
1696,Saket books,2020-11-01T11:08:39.000+00:00,Zing Credit Card,Nice,One Time,Education,Monthly
500,Buffello Milk,2020-11-01T11:08:39.000+00:00,Zing Credit Card,Must,Recursive,Regular Expenses,Monthly
2519,Medical expenses  (Medical),2020-11-01T11:08:39.000+00:00,Zing Credit Card,Must,One Time,Medical,Monthly
1159,LED Lights,2020-11-01T11:08:39.000+00:00,Zing Credit Card,Nice,One Time,One Time,Monthly
1600,Bonus to Bai's,2020-11-01T11:08:39.000+00:00,Zing HDFC Dabit Card,Must,One Time,Yearly,Monthly
2000,Rashi Saadi,2020-11-01T11:08:39.000+00:00,Zing HDFC Dabit Card,Must,One Time,Clothing,Monthly
180,Breakfast,2020-11-01T11:08:39.000+00:00,Zing Credit Card,Nice,One Time,Hotel,Monthly
149,Screen guard for Saket,2020-11-01T11:08:39.000+00:00,Zing Credit Card,Nice,One Time,One Time,Monthly
1103,Grocery,2020-11-01T11:08:39.000+00:00,Zing Credit Card,Must,Recursive,Grocery,Monthly
620,Sweets (Grocery),2020-11-01T11:08:39.000+00:00,Zing Credit Card,Nice,One Time,Grocery,Monthly
1523,Grocery,2020-11-01T11:08:39.000+00:00,Zing Credit Card,Must,Recursive,Grocery,Monthly
1063,Grocery,2020-11-01T11:08:39.000+00:00,Zing Credit Card,Must,Recursive,Grocery,Monthly
670,Gold chain repair,2020-11-01T11:08:39.000+00:00,Zing Current Account,Must,One Time,One Time,Monthly
734,Pizza,2020-11-01T11:08:39.000+00:00,Zing Credit Card,Nice,One Time,Hotel,Monthly
1000,Petrol,2020-12-01T11:08:39.000+00:00,Zing Credit Card,Must,Recursive,Local Transport,Monthly
1414,Grocery,2020-12-01T11:08:39.000+00:00,Zing Credit Card,Must,Recursive,Grocery,Monthly
6800,Home Expense,2020-12-01T11:08:39.000+00:00,Zing HDFC Dabit Card,Must,Recursive,Regular Expenses,Monthly
798,Mobile recharge,2020-11-01T11:08:39.000+00:00,Zing Credit Card,Must,Recursive,Regular Expenses,Monthly
1895,Plants to Deewali gift,2020-11-01T11:08:39.000+00:00,Zing Credit Card,Nice,One Time,Gift,Monthly
3118,Medical expenses  (Medical),2020-11-01T11:08:39.000+00:00,Zing Credit Card,Must,One Time,Medical,Monthly
3000,Cash for regular use,2020-12-01T11:08:39.000+00:00,Zing HDFC Dabit Card,Must,Recursive,Regular Expenses,Monthly
331,Cable TV,2020-12-01T11:08:39.000+00:00,Zing Credit Card,Must,Recursive,Regular Expenses,Monthly
4300,Innerwears,2020-12-01T11:08:39.000+00:00,Zing Credit Card,Must,One Time,Clothing,Monthly
1632,Dinner outside,2020-12-01T11:08:39.000+00:00,Zing Credit Card,Nice,One Time,Hotel,Monthly
1290,Saket books,2020-12-01T11:08:39.000+00:00,Zing Credit Card,Nice,One Time,Education,Monthly
740,Cake (Grocery),2020-12-01T11:08:39.000+00:00,Zing Credit Card,Nice,One Time,Grocery,Monthly
1763,BESCOM,2020-12-01T11:08:39.000+00:00,Zing Credit Card,Must,Recursive,Regular Expenses,Monthly
334,Lunch outside,2020-12-01T11:08:39.000+00:00,Zing Credit Card,Nice,One Time,Hotel,Monthly
2288,Grocery,2020-12-01T11:08:39.000+00:00,Zing Credit Card,Must,Recursive,Grocery,Monthly
600,Stuti Dance,2020-12-01T11:08:39.000+00:00,Zing Current Account,Must,Recursive,Education,Monthly
1109,Grocery,2020-12-01T11:08:39.000+00:00,Zing Credit Card,Must,Recursive,Grocery,Monthly
408,Saket Olympiod,2020-12-01T11:08:39.000+00:00,Zing Credit Card,Must,One Time,Education,Monthly
250,Cera,2020-12-01T11:08:39.000+00:00,Zing Current Account,Must,One Time,One Time,Monthly
1147,Gift items Chinni,2020-12-01T11:08:39.000+00:00,Zing Credit Card,Nice,One Time,Gift,Monthly
4000,Aquagaurd Filter replacement,2020-12-01T11:08:39.000+00:00,Zing Current Account,Must,One Time,Yearly,Monthly
2460,Milk refill,2020-12-01T11:08:39.000+00:00,Zing Credit Card,Must,Recursive,Regular Expenses,Monthly
2500,Doctor Alergy,2020-12-01T11:08:39.000+00:00,Zing Current Account,Must,One Time,Medical,Monthly
732,Medicines (Medical),2020-12-01T11:08:39.000+00:00,Zing Credit Card,Must,Recursive,Medical,Monthly
363,Medicine,2020-12-01T11:08:39.000+00:00,Zing Credit Card,Must,Recursive,Medical,Monthly
215,Vegetables (Grocery),2020-12-01T11:08:39.000+00:00,Zing Credit Card,Must,Recursive,Grocery,Monthly
1250,Grocery,2020-12-01T11:08:39.000+00:00,Zing Credit Card,Must,Recursive,Grocery,Monthly
758,Grocery,2020-12-01T11:08:39.000+00:00,Zing Credit Card,Must,Recursive,Grocery,Monthly
1727,Grocery,2020-12-01T11:08:39.000+00:00,Zing Credit Card,Must,Recursive,Grocery,Monthly
150,X Mas Tree,2020-12-01T11:08:39.000+00:00,Zing Current Account,Nice,One Time,One Time,Monthly
2600,Saket JEE Main entrance fees,2020-12-01T11:08:39.000+00:00,Zing HDFC Dabit Card,Must,One Time,One Time,Monthly
917,Grocery,2020-12-01T11:08:39.000+00:00,Zing Credit Card,Must,Recursive,Grocery,Monthly
1000,Petrol,2020-12-01T11:08:39.000+00:00,Zing HDFC Dabit Card,Must,Recursive,Local Transport,Monthly
974,Saket books,2020-12-01T11:08:39.000+00:00,Zing Credit Card,Nice,One Time,One Time,Monthly
1979,Tawa and Grill pan,2020-12-01T11:08:39.000+00:00,Zing Credit Card,Nice,One Time,One Time,Monthly
730,Cylender,2020-12-01T11:08:39.000+00:00,Zing HDFC Dabit Card,Must,Recursive,Regular Expenses,Monthly
328,Gift item Chinni,2020-12-01T11:08:39.000+00:00,Zing Credit Card,Nice,One Time,Gift,Monthly
425,Dinner outside,2020-12-01T11:08:39.000+00:00,Zing Credit Card,Nice,One Time,Hotel,Monthly
630,Face cream for Pinky,2020-12-01T11:08:39.000+00:00,Pinky Canara Debit Card,Nice,One Time,Grocery,Monthly
169,Zing Hair die,2020-12-01T11:08:39.000+00:00,Zing Credit Card,Nice,One Time,Grocery,Monthly
351,Grocery,2020-12-01T11:08:39.000+00:00,Zing Credit Card,Must,Recursive,Grocery,Monthly
1600,Grocery,2020-12-01T11:08:39.000+00:00,Zing Credit Card,Nice,Recursive,Grocery,Monthly
196,Jet Pipe,2020-12-01T11:08:39.000+00:00,Zing Credit Card,Must,One Time,Grocery,Monthly
1574,Track pants,2020-12-01T11:08:39.000+00:00,Zing Credit Card,Nice,One Time,Clothing,Monthly
1000,Petrol,2020-12-01T11:08:39.000+00:00,Zing Credit Card,Must,Recursive,Local Transport,Monthly
440,Saket books,2020-12-01T11:08:39.000+00:00,Zing Credit Card,Must,One Time,Education,Monthly
310,Lunch outside,2020-12-01T11:08:39.000+00:00,Zing Credit Card,Must,Recursive,Hotel,Monthly
2498,Airtel,2020-12-01T11:08:39.000+00:00,Zing Credit Card,Must,Recursive,Yearly,Monthly
14820,Melody,2021-01-01T11:08:39.000+00:00,Zing HDFC Dabit Card,Must,Recursive,Yearly,Yearly
10000,Pinky,2021-01-01T11:08:39.000+00:00,Zing HDFC Dabit Card,Must,Recursive,Yearly,Yearly
1050,PES Entrance,2021-01-01T11:08:39.000+00:00,Zing HDFC Dabit Card,Must,One Time,Education,Monthly
1155,VIT Entrance,2021-01-01T11:08:39.000+00:00,Zing HDFC Dabit Card,Must,One Time,Education,Monthly
1387,Hair cut,2021-01-01T11:08:39.000+00:00,Zing Credit Card,Must,Recursive,Regular Expenses,Monthly
7000,Home expenses (Monthly),2021-01-01T11:08:39.000+00:00,Zing HDFC Dabit Card,Must,Recursive,Regular Expenses,Monthly
1671,Grocery,2021-01-01T11:08:39.000+00:00,Zing Credit Card,Must,Recursive,Grocery,Monthly
1500,Kundagol,2021-01-01T11:08:39.000+00:00,Zing HDFC Dabit Card,Nice,Recursive,Donation,Monthly
1814,Grocery,2021-01-01T11:08:39.000+00:00,Zing Credit Card,Must,Recursive,Grocery,Monthly
1999,BESCOM,2021-01-01T11:08:39.000+00:00,Zing Credit Card,Must,Recursive,Regular Expenses,Monthly
200,Calander Gift to Mohit,2021-01-01T11:08:39.000+00:00,Zing Credit Card,Nice,One Time,Gift,Monthly
2468,Milk Refill,2021-01-01T11:08:39.000+00:00,Zing Credit Card,Must,Recursive,Regular Expenses,Monthly
600,Stuti Dance,2021-01-01T11:08:39.000+00:00,Zing Current Account,Must,Recursive,Regular Expenses,Monthly
5062,Internet for 7 month,2021-01-01T11:08:39.000+00:00,Zing Credit Card,Must,Recursive,Regular Expenses,Monthly
1200,Covid test for Saket,2021-01-01T11:08:39.000+00:00,Zing Credit Card,Must,One Time,Medical,Monthly
1732,Grocery,2021-01-01T11:08:39.000+00:00,Zing Credit Card,Must,Recursive,Grocery,Monthly
293,Mask + Slippers,2021-01-01T11:08:39.000+00:00,Zing Credit Card,Must,One Time,Clothing,Monthly
261,Medicine,2021-01-01T11:08:39.000+00:00,Zing Credit Card,Must,One Time,Medical,Monthly
3873,"T-Shirt, Pant, Inners for Saket",2021-01-01T11:08:39.000+00:00,Zing Credit Card,Must,One Time,Clothing,Monthly
1500,Petrol,2021-01-01T11:08:39.000+00:00,Zing HDFC Dabit Card,Must,Recursive,Local Transport,Monthly
1614,Router for internet,2021-01-01T11:08:39.000+00:00,Zing Credit Card,Nice,One Time,One Time,Monthly
768,Grocery,2021-01-01T11:08:39.000+00:00,Zing Credit Card,Must,Recursive,Grocery,Monthly
1400,"Pinky, Stuti Hair cut",2021-01-01T11:08:39.000+00:00,Zing Current Account,Must,Recursive,Regular Expenses,Monthly
100,Stationary,2021-01-01T11:08:39.000+00:00,Zing Credit Card,Must,One Time,Education,Monthly
4260,Cash for regular use,2021-01-01T11:08:39.000+00:00,Zing HDFC Dabit Card,Must,Recursive,Regular Expenses,Monthly
330,Cable,2021-01-01T11:08:39.000+00:00,Zing Credit Card,Must,Recursive,Regular Expenses,Monthly
1708,Pinky - birthday gift to Zing,2021-01-01T11:08:39.000+00:00,Pinky Canara Debit Card,Nice,One Time,Clothing,Monthly
308,Mc Donald,2021-01-01T11:08:39.000+00:00,Zing Credit Card,Nice,One Time,Hotel,Monthly
897,Airtel + screen guard,2021-01-01T11:08:39.000+00:00,Zing Credit Card,Must,Recursive,Regular Expenses,Monthly
1790,Grocery,2021-01-01T11:08:39.000+00:00,Zing Credit Card,Must,Recursive,Grocery,Monthly
545,Medicine,2021-01-01T11:08:39.000+00:00,Zing Credit Card,Must,One Time,Medical,Monthly
734,Pizza,2021-01-01T11:08:39.000+00:00,Zing Credit Card,Must,One Time,Hotel,Monthly
1500,Petrol,2021-01-01T11:08:39.000+00:00,Zing Credit Card,Must,Recursive,Local Transport,Monthly
1130,Grocery,2021-01-01T11:08:39.000+00:00,Zing Credit Card,Must,Recursive,Grocery,Monthly
2000,New year celebration,2021-01-01T11:08:39.000+00:00,Zing HDFC Dabit Card,Nice,One Time,Hotel,Monthly
8500,Home expenses (Monthly),2021-02-01T11:08:39.000+00:00,Zing HDFC Dabit Card,Must,Recursive,Regular Expenses,Monthly
3860,Cash for regular use,2021-02-01T11:08:39.000+00:00,Zing HDFC Dabit Card,Must,Recursive,Regular Expenses,Monthly
516,Pinky books,2021-01-01T11:08:39.000+00:00,Zing Credit Card,Nice,One Time,Education,Monthly
3044,Hotel with family,2021-02-01T11:08:39.000+00:00,Zing Credit Card,Must,One Time,Hotel,Monthly
3784,Pinky Face cream,2021-02-01T11:08:39.000+00:00,Zing HDFC Dabit Card,Nice,One Time,Medical,Monthly
851,Grocery,2021-02-01T11:08:39.000+00:00,Zing Credit Card,Nice,One Time,Grocery,Monthly
1677,BESCOM,2021-02-01T11:08:39.000+00:00,Zing HDFC Dabit Card,Must,Recursive,Regular Expenses,Monthly
360,Cable,2021-02-01T11:08:39.000+00:00,Zing Credit Card,Must,Recursive,Regular Expenses,Monthly
1500,Petrol,2021-02-01T11:08:39.000+00:00,Zing Credit Card,Must,Recursive,Local Transport,Monthly
4042,Grocery,2021-02-01T11:08:39.000+00:00,Zing Credit Card,Must,Recursive,Grocery,Monthly
1087,Stuti pimple,2021-02-01T11:08:39.000+00:00,Zing Credit Card,Nice,One Time,Medical,Monthly
600,Stuti Dance,2021-02-01T11:08:39.000+00:00,Zing Current Account,Must,Recursive,Education,Monthly
1668,Milk refill,2021-02-01T11:08:39.000+00:00,Zing Credit Card,Must,Recursive,Regular Expenses,Monthly
891,Grocery,2021-02-01T11:08:39.000+00:00,Zing Credit Card,Must,Recursive,Grocery,Monthly
1600,Grocery,2021-02-01T11:08:39.000+00:00,Zing Credit Card,Must,Recursive,Grocery,Monthly
528,Lunch outside,2021-02-01T11:08:39.000+00:00,Zing Credit Card,Nice,One Time,Hotel,Monthly
423,KFC for Saket,2021-02-01T11:08:39.000+00:00,Zing Credit Card,Nice,One Time,Hotel,Monthly
300,Dinner outside,2021-02-01T11:08:39.000+00:00,Zing Current Account,Nice,One Time,Hotel,Monthly
300,Ice cream,2021-02-01T11:08:39.000+00:00,Pinky Canara Debit Card,Nice,One Time,Hotel,Monthly
772,Cylender,2021-02-01T11:08:39.000+00:00,Zing Credit Card,Must,Recursive,Regular Expenses,Monthly
3923,Grocery,2021-02-01T11:08:39.000+00:00,Zing Credit Card,Must,Recursive,Grocery,Monthly
773,Medicine,2021-02-01T11:08:39.000+00:00,Zing Credit Card,Must,One Time,Medical,Monthly
1657,Pinky dress from Mintra,2021-02-01T11:08:39.000+00:00,Pinky Canara Debit Card,Nice,One Time,Clothing,Monthly
509,Doctor and medicine (Saket),2021-02-01T11:08:39.000+00:00,Zing Credit Card,Must,One Time,Medical,Monthly
2554,Stuti track pants,2021-02-01T11:08:39.000+00:00,Zing Credit Card,Nice,One Time,Clothing,Monthly
1978,Grocery,2021-02-01T11:08:39.000+00:00,Zing Credit Card,Must,Recursive,Grocery,Monthly
804,Lunch for Saket and Stuti,2021-02-01T11:08:39.000+00:00,Zing Credit Card,Nice,One Time,Hotel,Monthly
8400,Home expenses (Monthly),2021-03-01T11:08:39.000+00:00,Zing HDFC Dabit Card,Must,Recursive,Regular Expenses,Monthly
721,Party with friends,2021-02-01T11:08:39.000+00:00,Zing Credit Card,Nice,One Time,Hotel,Monthly
401,Haircut + Ice cream,2021-02-01T11:08:39.000+00:00,Zing Credit Card,Must,Recursive,Regular Expenses,Monthly
2000,MIT Entrance test fees,2021-02-01T11:08:39.000+00:00,Zing Current Account,Must,One Time,Education,Monthly
1500,Saket for daily expenses,2021-03-01T11:08:39.000+00:00,Zing HDFC Dabit Card,Must,Recursive,Regular Expenses,Monthly
1500,Petrol,2021-03-01T11:08:39.000+00:00,Zing Credit Card,Must,Recursive,Local Transport,Monthly
1950,Cash for regular use,2021-03-01T11:08:39.000+00:00,Zing HDFC Dabit Card,Must,Recursive,Regular Expenses,Monthly
314,Cable,2021-03-01T11:08:39.000+00:00,Zing Credit Card,Must,Recursive,Regular Expenses,Monthly
290,Dinner outside,2021-03-01T11:08:39.000+00:00,Zing Credit Card,Nice,One Time,Hotel,Monthly
3533,Grocery,2021-03-01T11:08:39.000+00:00,Zing Credit Card,Must,Recursive,Grocery,Monthly
1561,BESCOM,2021-03-01T11:08:39.000+00:00,Zing Credit Card,Must,Recursive,Regular Expenses,Monthly
715,Medicine,2021-03-01T11:08:39.000+00:00,Zing Credit Card,Nice,One Time,Medical,Monthly
734,Lunch from outside,2021-03-01T11:08:39.000+00:00,Zing Credit Card,Nice,One Time,Hotel,Monthly
2910,"Stuti, Pinky and Zing track pants from Jockey",2021-03-01T11:08:39.000+00:00,Zing Credit Card,Nice,One Time,Clothing,Monthly
12500,Mattress expenses,2021-03-01T11:08:39.000+00:00,Zing HDFC Dabit Card,Nice,One Time,One Time,Monthly
600,Stuti Dance,2021-03-01T11:08:39.000+00:00,Zing Current Account,Must,Recursive,Education,Monthly
342,Gift to Jiya,2021-03-01T11:08:39.000+00:00,Zing Credit Card,Nice,One Time,Gift,Monthly
2176,Grocery,2021-03-01T11:08:39.000+00:00,Zing Credit Card,Must,Recursive,Grocery,Monthly
2500,Plants,2021-03-01T11:08:39.000+00:00,Zing Current Account,Nice,One Time,One Time,Monthly
1800,Milk Refill,2021-03-01T11:08:39.000+00:00,Zing Credit Card,Must,Recursive,Regular Expenses,Monthly
798,Airtel,2021-03-01T11:08:39.000+00:00,Zing Credit Card,Must,Recursive,Regular Expenses,Monthly
1574,Grocery,2021-03-01T11:08:39.000+00:00,Zing Credit Card,Must,Recursive,Grocery,Monthly
1500,Petrol,2021-03-01T11:08:39.000+00:00,Zing Current Account,Must,Recursive,Local Transport,Monthly
200,Metro card recharge,2021-03-01T11:08:39.000+00:00,Zing Credit Card,Must,One Time,Local Transport,Monthly
400,Lunch out side,2021-03-01T11:08:39.000+00:00,Zing Current Account,Nice,One Time,Hotel,Monthly
1270,Dry fruits,2021-03-01T11:08:39.000+00:00,Zing Current Account,Must,Recursive,Grocery,Monthly
910,Gift to Komal,2021-03-01T11:08:39.000+00:00,Zing Credit Card,Nice,One Time,Gift,Monthly
414,Dinner outside,2021-03-01T11:08:39.000+00:00,Zing Credit Card,Nice,One Time,Hotel,Monthly
1256,Grocery,2021-03-01T11:08:39.000+00:00,Zing Credit Card,Must,Recursive,Grocery,Monthly
390,Briefs to Saket,2021-03-01T11:08:39.000+00:00,Zing Credit Card,Must,One Time,Clothing,Monthly
409,Hotel with family,2021-03-01T11:08:39.000+00:00,Zing Credit Card,Nice,One Time,Hotel,Monthly
444,Saket Facewash,2021-03-01T11:08:39.000+00:00,Zing Credit Card,Must,Recursive,Medical,Monthly
75,Stationary,2021-03-01T11:08:39.000+00:00,Zing Current Account,Must,One Time,Education,Monthly
14820,Melody,2021-04-01T11:08:39.000+00:00,Zing HDFC Dabit Card,Must,Recursive,Yearly,Yearly
10000,Pinky,2021-04-01T11:08:39.000+00:00,Zing HDFC Dabit Card,Must,Recursive,Yearly,Yearly
8400,Home expenses (Monthly),2021-04-01T11:08:39.000+00:00,Zing HDFC Dabit Card,Must,Recursive,Regular Expenses,Monthly
1670,Cash for regular use,2021-04-01T11:08:39.000+00:00,Zing HDFC Dabit Card,Must,Recursive,Regular Expenses,Monthly
942,Grocery,2021-04-01T11:08:39.000+00:00,Zing Credit Card,Must,Recursive,Grocery,Monthly
342,Cable,2021-04-01T11:08:39.000+00:00,Zing Credit Card,Must,Recursive,Regular Expenses,Monthly
1500,Kundagol,2021-04-01T11:08:39.000+00:00,Zing HDFC Dabit Card,Nice,Recursive,Donation,Monthly
1100,Dinner Outside,2021-04-01T11:08:39.000+00:00,Zing Credit Card,Nice,One Time,Hotel,Monthly
2309,Grocery,2021-04-01T11:08:39.000+00:00,Zing Credit Card,Must,Recursive,Grocery,Monthly
904,Medicine,2021-04-01T11:08:39.000+00:00,Zing Credit Card,Nice,One Time,Medical,Monthly
509,Saket IISC Entrance fee,2021-04-01T11:08:39.000+00:00,Zing Credit Card,Must,One Time,Education,Monthly
2360,Canra bank locker charges,2021-04-01T11:08:39.000+00:00,Pinky Canara Debit Card,Must,One Time,Yearly,Monthly
2967,Pinky shoes,2021-04-01T11:08:39.000+00:00,Zing Credit Card,Nice,One Time,Clothing,Monthly
1661,BESCOM,2021-04-01T11:08:39.000+00:00,Zing Credit Card,Must,Recursive,Regular Expenses,Monthly
1329,LG Service (OE Error),2021-04-01T11:08:39.000+00:00,Zing Credit Card,Must,One Time,One Time,Monthly
600,Stuti Dance,2021-04-01T11:08:39.000+00:00,Zing Current Account,Must,Recursive,Education,Monthly
3430,Grocery,2021-04-01T11:08:39.000+00:00,Zing Credit Card,Must,Recursive,Grocery,Monthly
225,Book to Stuti,2021-04-01T11:08:39.000+00:00,Zing Credit Card,Nice,One Time,One Time,Monthly
1129,Lunch outside,2021-04-01T11:08:39.000+00:00,Zing Credit Card,Nice,One Time,Hotel,Monthly
1500,Petrol,2021-04-01T11:08:39.000+00:00,Zing HDFC Dabit Card,Must,Recursive,Local Transport,Monthly
1863,Milk Refill,2021-04-01T11:08:39.000+00:00,Zing Credit Card,Must,Recursive,Regular Expenses,Monthly
812,Cylender,2021-04-01T11:08:39.000+00:00,Zing Credit Card,Must,Recursive,Regular Expenses,Monthly
1250,Gift to Nitin and Nanda,2021-04-01T11:08:39.000+00:00,Zing HDFC Dabit Card,Nice,One Time,Gift,Monthly
682,Dinner outside,2021-04-01T11:08:39.000+00:00,Zing Credit Card,Nice,One Time,Hotel,Monthly
1595,Grocery,2021-04-01T11:08:39.000+00:00,Zing Credit Card,Must,Recursive,Grocery,Monthly
275,Gift to Chinni's friend,2021-04-01T11:08:39.000+00:00,Zing Credit Card,Nice,One Time,Gift,Monthly
